Lead Rank,Barbershop Name,Address,Phone,Instagram Link,Instagram Followers,Google Rating,Google Reviews,Review Score,Estimated Barbers,Lead Score,Yelp URL
1,BOSTON BARBER & TATTOO CO.,"BOSTON BARBER & TATTOO CO. - Try Our New Menu - 113 Salem St, Boston, MA 02113, 282 Photos, (617) 742-0611, Mon - 11:00 am - 8:00 pm, Tue - 10:00 am - 7:00 ...",(617) 742-06,https://www.instagram.com/bostonbarbertattooco/?hl=en,26000,4.5,341,25,3,87,https://www.yelp.com/biz/boston-barber-and-tattoo-co-boston-31?start=40
2,BOSTON BARBER & TATTOO CO.,"BOSTON BARBER & TATTOO CO. - Try Our New Menu - 113 Salem St, Boston, MA 02113, 282 Photos, (617) 742-0611, Mon - 11:00 am - 8:00 pm, Tue - 10:00 am - 7:00 ...",(617) 742-06,https://www.instagram.com/bostonbarbertattooco/?hl=en,26000,4.5,341,25,3,87,https://www.yelp.com/biz/boston-barber-and-tattoo-co-boston-31?start=160
3,BOSTON BARBER & TATTOO CO.,"113 Salem St. Boston, MA 02113. North End · (857) 343-3202. Call Now · View offerings · Hours. What time does Boston Barber & Tattoo Co. open? · Payment methods.",(857) 343-32,https://www.instagram.com/bostonbarbertattooco/?hl=en,26000,4.5,341,25,3,87,https://www.yelp.com/biz/boston-barber-and-tattoo-co-boston-31
4,SUMMER STREET BARBER SHOP,"SUMMER STREET BARBER SHOP, 125 Summer St, Boston, MA 02110, 10 Photos, (617) 345-9300, Mon - 8:00 am - 6:00 pm, Tue - 8:00 am - 6:00 pm, ...",(617) 345-93,https://www.instagram.com/bostonianbarbershop/,21000,4.3,103,10,3,72,https://www.yelp.com/biz/summer-street-barber-shop-boston
5,ATLAS BARBER SHOP - Updated March 2026 - Phone Number,"1663 Beacon St. Brookline, MA 02445. Directions ; (617) 383-5153. Call Now ; Visit Website. https://www.atlasbarbershop.net.",(617) 383-51,https://www.instagram.com/atlas_barbershop/?hl=en,14000,5,6,5,3,70,https://www.yelp.com/biz/atlas-barber-shop-brookline
6,BOSTON BLENDZ BARBERSHOP - Updated March 2026 - Barbers,"8 Hyde Park Ave. Jamaica Plain, MA 02130. Jamaica Plain. Directions ; (617) 390-5511. Call Now ; Visit Website. https://www.bostonblendz.com.",(617) 390-55,https://www.instagram.com/bambam1109/,16000,5,3,5,3,70,https://www.yelp.com/biz/boston-blendz-barbershop-jamaica-plain
7,TITLE CITY BARBERS - Boston,"1310 Commonwealth Ave. Boston, MA 02134. Allston/Brighton. Directions ; (617) 505-6493. Call Now ; Visit Website. http://www.titlecitybarbers.com.",(617) 505-64,https://www.instagram.com/titlecitybarbers/,12000,5,3,5,3,70,https://www.yelp.com/biz/title-city-barbers-boston
8,ATLAS BARBER SHOP - Updated March 2026 - 41 Reviews,"ATLAS BARBER SHOP, 14 Eliot St, Basement, Cambridge, MA 02138, 7 Photos, (617) 945-1876, Mon - 9:00 am - 7:00 pm, Tue - 9:00 am - 7:00 pm, Wed - 9:00 am ...",(617) 945-18,https://www.instagram.com/atlas_barbershop/?hl=en,14000,4.3,41,5,3,67,https://www.yelp.com/biz/atlas-barber-shop-cambridge
9,BOSTONIAN BARBER SHOP,"92 Van Ness St. Boston, MA 02215. Fenway. Directions ; (857) 317-2894. Call Now ; Visit Website. http://www.bostonianbarbershop.com.",(857) 317-28,https://www.instagram.com/bostonianbarbershop/,21000,3.4,56,10,3,65,https://www.yelp.com/biz/bostonian-barber-shop-boston
10,BRIGHTON BARBER,"BRIGHTON BARBER, 8 Chestnut Hill Ave, Brighton, MA 02135, 29 Photos, (617) 980-8591, Mon - 10:00 am - 8:00 pm, Tue - 9:00 am - 12:00 pm, ...",(617) 980-85,https://www.instagram.com/jord_thebarber/,16000,4,36,5,3,63,https://www.yelp.com/biz/brighton-barber-brighton-3
11,UNIVERSAL BARBER SHOP - Updated February 2026,"UNIVERSAL BARBER SHOP, 4 Chestnut Hill Ave, Boston, MA 02135, 10 Photos, (817) 966-9525, Mon - 11:00 am - 5:00 pm, Tue - 9:30 am - 6:00 pm, ...",(817) 966-95,https://www.instagram.com/theuniversalbarbershop/reels/,13000,4.2,30,5,3,63,https://m.yelp.com/biz/michaels-barber-shop-brighton-3?start=5
12,CUSTOM BARBER SHOP - Updated March 2026 - 39 Reviews,"CUSTOM BARBER SHOP, 49A Brattle St, Cambridge, MA 02138, 2 Photos, (617) 876-7986, Mon - 8:00 am - 5:30 pm, Tue - 8:00 am - 5:30 pm, Wed - 8:00 am - 5:30 pm ...",(617) 876-79,https://www.instagram.com/bostonianbarbershop/,21000,4.1,39,5,3,63,https://www.yelp.com/biz/custom-barber-shop-cambridge
13,A BARBER SHOP - Updated March 2026 - 64 Photos & 60 Reviews,"A BARBER SHOP, 5 Main St, Watertown, MA 02472, 64 Photos, (617) 924-1085, Mon - Closed, Tue - 9:30 am - 7:00 pm, Wed - 9:30 am - 7:00 pm, Thu - 9:30 am ...",(617) 924-10,https://www.instagram.com/mr.a.barbershop/?hl=en,5058,4.3,60,10,3,62,https://www.yelp.com/biz/a-barber-shop-watertown
14,RAZORS BARBERSHOP & SHAVE,"308 Highland Ave. Somerville, MA 02144. Directions ; (617) 625-4444. Call Now ; Visit Website. http://www.razorsbarbershop.com/.",(617) 625-44,https://www.instagram.com/razorsbarbershop/,3379,4.5,256,20,3,62,https://www.yelp.com/biz/razors-barbershop-and-shave-somerville
15,CAMBRIDGE BARBER SHOP,"186 Hampshire St. Ste 1. Cambridge, MA 02139. Inman Square. Directions ; (617) 961-9782. Call Now ; Visit Website. http://cambridgebarbershop.com.",(617) 961-97,https://www.instagram.com/cambridgebarbershop/?hl=en,5188,4.8,15,5,3,60,https://www.yelp.com/biz/cambridge-barber-shop-cambridge
16,MARVELOUS BARBER LOUNGE,"523 Arsenal St. Watertown, MA 02472. Directions ; (857) 304-4816. Call Now ; Visit Website. https://marvelouscuts.com.",(857) 304-48,https://www.instagram.com/marvelouscuts/?hl=en,8389,4.8,6,5,3,60,https://www.yelp.com/biz/marvelous-barber-lounge-watertown
17,MR A BARBER SHOP - Updated November 2025 - 51 Photos,"MR A BARBER SHOP, 394-400 Dorchester St, Boston, MA 02127, 51 Photos, (617) 449-9825, Mon - 9:00 am - 8:00 pm, Tue - 9:00 am - 8:00 pm, Wed - 9:00 am - 8:00 ...",(617) 449-98,https://www.instagram.com/mr.a.barbershop/?hl=en,5058,5,1,5,3,60,https://www.yelp.com/biz/mr-a-barber-shop-boston
18,TITLE CITY BARBERS,"189 Harvard St. Brookline, MA 02446. Directions ; (617) 487-8433. Call Now ; Visit Website. https://titlecitybarbers.com/locations/brookline.",(617) 487-84,https://www.instagram.com/titlecitybarbers/,12000,3.6,20,5,3,60,https://www.yelp.com/biz/title-city-barbers-brookline
19,TWEED BARBERS OF BOSTON - Updated February 2026,"TWEED BARBERS OF BOSTON, 1313 Washington St, Boston, MA 02118, 92 Photos, (617) 753-9990, Mon - 10:00 am - 9:00 pm, Tue - 10:00 am - 9:00 pm, Wed - 10:00 am ...",(617) 753-99,https://www.instagram.com/tweed_barbers/,742,4,317,25,3,58,https://www.yelp.com/biz/tweed-barbers-of-boston-boston?start=180
20,TWEED BARBERS OF BOSTON - Updated November 2025,"1313 Washington St. Boston, MA 02118. South End. Directions ; (617) 753-9990. Call Now ; Visit Website. https://www.tweedbarbers.com.",(617) 753-99,https://www.instagram.com/tweed_barbers/,742,4,317,25,3,58,https://www.yelp.com/biz/tweed-barbers-of-boston-boston
21,TWEED BARBERS OF BOSTON,"More info about Tweed Barbers of Boston · 1313 Washington St. Boston, MA 02118 · (617) 753-9990. Call Now · Hours. What time does Tweed Barbers of Boston open?",(617) 753-99,https://www.instagram.com/tweed_barbers/,742,4,317,25,3,58,https://www.yelp.com/biz/tweed-barbers-of-boston-boston?start=40
22,333 SALON & BARBERSHOP - Hair Stylists,"55 Waltham St. Boston, MA 02118. South End. Directions ; (857) 277-1352. Call Now ; Visit Website. http://www.333boston.com.",(857) 277-13,https://www.instagram.com/333boston/,1634,3.9,219,20,3,55,https://www.yelp.com/biz/333-salon-and-barbershop-boston-2
23,MARVELOUS BARBER LOUNGE,"MARVELOUS BARBER LOUNGE, 82 Broad St, Boston, MA 02110, 32 Photos, (857) 449-0072, Mon - 9:00 am - 7:00 pm, Tue - 9:00 am - 7:00 pm, Wed - 9:00 am - 7:00 pm ...",(857) 449-00,https://www.instagram.com/marvelouscuts/?hl=en,8389,4.2,49,5,3,53,https://www.yelp.com/biz/marvelous-barber-lounge-boston
24,968 THE SHOP - Updated March 2026 - 63 Photos & 75 Reviews,"968 THE SHOP, 968 Broadway, Somerville, MA 02144, 63 Photos, (617) 718-9680, Mon - Closed, Tue - 10:00 am - 7:00 pm, Wed - 10:00 am - 7:00 pm, Thu - 10:00 ...",(617) 718-96,https://www.instagram.com/968theshopbarbers/?hl=en,1955,4.5,75,10,3,52,https://www.yelp.com/biz/968-the-shop-somerville-2
25,BOSTON BARBER CO,"BOSTON BARBER CO, 124 Bowdoin St, Boston, MA 02108, 88 Photos, (617) 263-0150, Mon - 9:00 am - 6:00 pm, Tue - 9:00 am - 6:00 pm, Wed - 9:00 am - 7:00 pm, ...",(617) 263-01,https://www.instagram.com/bostonbarbercobeaconhill/,2126,4.5,109,10,3,52,https://www.yelp.com/biz/boston-barber-co-boston-3?start=40
26,BOSTON BARBER CO - Updated November 2025,"124 Bowdoin St. Boston, MA 02108. Downtown, Beacon Hill. Directions ; (617) 263-0150. Call Now ; Visit Website. https://bostonbarber.com.",(617) 263-01,https://www.instagram.com/bostonbarberco/,1571,4.5,109,10,3,52,https://www.yelp.com/biz/boston-barber-co-boston-3
27,DISTRICT BARBERS BOSTON,"DISTRICT BARBERS BOSTON, 190 Hight St, Boston, MA 02110, 60 Photos, (857) 233-2427, Mon - 8:00 am - 6:30 pm, Tue - 8:00 am - 6:30 pm, Wed - 8:00 am - 6:30 ...",(857) 233-24,https://www.instagram.com/districtbarbersboston/?hl=en,1937,4.6,41,5,3,50,https://www.yelp.com/biz/district-barbers-boston-boston
28,"HAIRCUTTERS - Updated February 2026 - 222 Berkeley St, Boston ...","Map · 222 Berkeley St. Boston, MA 02116. Back Bay · (617) 536-1121. Call Now · Services · Hours. What time does Haircutters open? What time does Haircutters close?",(617) 536-11,https://www.instagram.com/bostonianbarbershop/,21000,,,0,3,50,https://www.yelp.com/biz/haircutters-boston
29,3L BARBER CO - Updated March 2026 - 45,"518 Tremont St. Boston, MA 02116. South End. Directions ; (857) 305-3106. Call Now ; Visit Website. http://www.3Lbarberco.com.",(857) 305-31,https://www.instagram.com/3lbarbercompany/?hl=en,1306,5,7,5,3,50,https://www.yelp.com/biz/3l-barber-co-boston
30,COURT SQUARE STYLING SHOP - Barbers,"COURT SQUARE STYLING SHOP, 15 Court Sq, Ste 120, Boston, MA 02108, 5 Photos, (617) 523-7755, Mon - 9:00 am - 5:00 pm, Tue - 9:00 am - 5:00 pm, Wed - 9:00 am ...",(617) 523-77,https://www.instagram.com/barbershoptheboston/,14,4.8,72,10,3,50,https://www.yelp.com/biz/court-square-styling-shop-boston
31,"BRANCATO BARBER - 242 Newbury St, Boston, Massachusetts","242 Newbury St. Boston, MA 02116. Back Bay. Directions ; (617) 777-1182. Call Now ; Visit Website. http://brancatobarbers.com.",(617) 777-11,https://www.instagram.com/brancatobarberco/?hl=en,2305,5,2,5,3,50,https://www.yelp.com/biz/brancato-barber-boston-3
32,BELSITO BARBER SHOP - Updated November 2025,"BELSITO BARBER SHOP, 696 Tremont St, Boston, MA 02118, 23 Photos, (617) 982-6327, Mon - 11:00 am - 7:00 pm, Tue - 9:00 am - 7:00 pm, Wed - 9:00 am - 7:00 pm ...",(617) 982-63,https://www.instagram.com/belsitobarbershop/,272,4.7,66,10,3,50,https://www.yelp.com/biz/belsito-barber-shop-boston-2
33,"Floyd's 99 Barbershop - Cambridge, Massachusetts","FLOYD'S 99 BARBERSHOP, 1672 Massachusetts Ave, Cambridge, MA 02138, 18 Photos, (617) 492-0936, Mon - 9:00 am - 8:00 pm, Tue - 9:00 am - 8:00 pm, ...",(617) 492-09,https://www.instagram.com/floyds99bostonofficial/,86,3.2,214,20,3,50,https://www.yelp.com/biz/floyds-99-barbershop-cambridge
34,BILL'S BARBER SHOP - Updated March 2026 - 15 Reviews,"BILL'S BARBER SHOP, 45 5th St, Cambridge, MA 02141, Mon - Closed, Tue - 6:00 am - 12:00 pm, Wed - 6:00 am - 12:00 pm, Thu - Closed, Fri - 6:00 am - 12:00 pm ...",,https://www.instagram.com/bills.barbershop/,1041,4.7,15,5,3,50,https://www.yelp.com/biz/bills-barber-shop-cambridge
35,TEMPLE OF GROOM BARBERSHOP,"908 Massachusetts Ave. Cambridge, MA 02139. Central Square. Directions ; (617) 945-1621. Call Now ; Visit Website. http://templeofgroombarbershop.com.",(617) 945-16,https://www.instagram.com/templeofgroom/,1938,4,67,10,3,48,https://www.yelp.com/biz/temple-of-groom-barbershop-cambridge
36,Barbershop Lounge,"245 Newbury St. Boston, MA 02116. Back Bay. Directions ; (617) 450-0021. Call Now ; Visit Website. http://www.barbershoplounge.com.",(617) 450-00,https://www.instagram.com/barbershoploungeboston/?hl=en,2056,4,119,10,3,48,https://www.yelp.com/biz/barbershop-lounge-boston
37,Charlie's Barber Shop,"1794 Massachusetts Ave. Cambridge, MA 02140. Porter Square. Directions ; (617) 876-1116. Call Now ; Visit Website. http://www.charliesbarbershopcambridge.com.",(617) 876-11,https://www.instagram.com/explore/locations/300231386661484/charlies-barber-shop/,0,4.1,201,20,3,48,https://www.yelp.com/biz/charlies-barber-shop-cambridge-2
38,CENTRAL BARBER SHOP - Updated March 2026 - 31 Reviews,"CENTRAL BARBER SHOP, 1617 Massachusetts Ave, Cambridge, MA 02138, 2 Photos, (617) 354-3596, Mon - 10:00 am - 6:00 pm, Tue - 10:00 am - 6:00 pm, Wed - Closed ...",(617) 354-35,https://www.instagram.com/central_barber_shop_/,1417,4.5,31,5,3,47,https://www.yelp.com/biz/central-barber-shop-cambridge
39,MATT'S BARBER SHOP - Updated November 2025,Clean shop with a great staff. Hair cuts are always quick and clean. This is the barber shop you've been looking for in Brighton.,,https://www.instagram.com/mattsbarbershop617/,1618,4.5,39,5,3,47,https://www.yelp.com/biz/matts-barber-shop-boston
40,LESSARD'S BARBER SHOP - Updated March 2026 - 115 Reviews,"Lessards is the best barber shop around! Very friendly barbers, nice environment and high quality cuts every time. Highly recommend!",,https://www.instagram.com/lessards_barbershop/?hl=en,176,4.4,115,10,3,47,https://www.yelp.com/biz/lessards-barber-shop-boston
41,Justice Cuts - Barbers,"1658 Dorchester Ave. Boston, MA 02122. Dorchester. Directions ; (617) 417-9701. Call Now ; Visit Website. http://www.justicecuts.com.",(617) 417-97,https://www.instagram.com/justicecutsboston/?hl=en,317,5,9,5,3,45,https://www.yelp.com/biz/justice-cuts-boston
42,DEEP BLUE BARBER SHOP - Updated March 2026 - 47 Reviews,"DEEP BLUE BARBER SHOP, 397 Washington St, Brookline, MA 02446, 7 Photos, (617) 608-3705, Mon - Closed, Tue - 10:00 am - 7:00 pm, Wed - 10:00 am - 5:00 pm, ...",(617) 608-37,https://www.instagram.com/deepbluebarbershop/,205,4.6,47,5,3,45,https://www.yelp.com/biz/deep-blue-barber-shop-brookline
43,BILU BARBERSHOP - Updated March 2026 - 103,"148 Highland Ave. Somerville, MA 02143. Directions ; (617) 616-5030. Call Now ; Visit Website. http://bilubarber.com.",(617) 616-50,https://www.instagram.com/bilu_barbershop/,503,5,1,5,3,45,https://www.yelp.com/biz/bilu-barbershop-somerville
44,BROOKLINE BARBER SHOP,"316 Harvard St. Brookline, MA 02446. Coolidge Corner. Directions ; (617) 232-7170. Call Now ; Visit Website. https://www.brooklinebarbershop.com.",(617) 232-71,https://www.instagram.com/brooklinebarbershop/,34,4.7,9,5,3,45,https://www.yelp.com/biz/brookline-barber-shop-brookline
45,CASABLANCA BARBER SHOP,"CASABLANCA BARBER SHOP, 17 College Ave, Somerville, MA 02144, 2 Photos, (617) 623-3555, Mon - 9:00 am - 9:00 pm, Tue - 9:00 am - 9:00 pm, ...",(617) 623-35,https://www.instagram.com/casablanca_barbershop/,288,5,1,5,3,45,https://www.yelp.com/biz/casablanca-barber-shop-somerville
46,STUDIO M BARBERSHOP & SALON,"STUDIO M BARBERSHOP & SALON, 583 Somerville Ave, Somerville, MA 02143, 94 Photos, (617) 776-4507, Mon - Closed, Tue - Closed, Wed - 10:00 am - 8:00 pm, ...",(617) 776-45,https://www.instagram.com/explore/locations/258933315/studio-m-barbershopsalon/,0,4.7,73,10,3,45,https://www.yelp.com/biz/studio-m-barbershop-and-salon-somerville
47,DUVERGE BARBERSHOP - Updated March 2026 - Barbers,"12 S Huntington Ave. Jamaica Plain, MA 02130. Directions ; (617) 792-0446. Call Now ; Visit Website. https://duvergebarbershop.com.",(617) 792-04,https://www.instagram.com/duverge_barbershop/,364,5,3,5,3,45,https://www.yelp.com/biz/duverge-barbershop-jamaica-plain
48,1ST YARD BARBERS - Updated March 2026 - Phone Number,"35 Galen St. Watertown, MA 02472. Directions ; (617) 744-0591. Call Now ; Visit Website. http://1styardbarbers.com.",(617) 744-05,https://www.instagram.com/1st_yard_barbers/?hl=en,224,5,6,5,3,45,https://www.yelp.com/biz/1st-yard-barbers-watertown
49,GENTLEMAN'S BARBER SHOP,"GENTLEMAN'S BARBER SHOP, 1216 Commonwealth Ave, Boston, MA 02134, 22 Photos, (857) 425-6770, Mon - 9:00 am - 7:30 pm, Tue - 9:00 am - 7:30 pm, ...",(857) 425-67,https://www.instagram.com/gentlemansboston/reels/,47,5,2,5,3,45,https://www.yelp.com/biz/gentleman-s-barber-shop-boston
50,NORTH END BLENDZ - Updated March 2026 - 13,"129 Endicott St. Ste B · Boston, MA 02113. North End. Directions ; (617) 458-7335. Call Now ; Visit Website. http://Northendblendz.com.",(617) 458-73,https://www.instagram.com/northendblendz/,193,5,2,5,3,45,https://www.yelp.com/biz/north-end-blendz-boston
51,SOCIETY BARBERSHOP,"SOCIETY BARBERSHOP, 770 Tremont St, Boston, MA 02118, 20 Photos, (857) 308-4106, Mon - 9:00 am - 7:00 pm, Tue - 9:00 am - 7:00 pm, Wed - 9:00 am - 7:00 pm, ...",(857) 308-41,https://www.instagram.com/society.barbershop/,534,4.8,16,5,3,45,https://www.yelp.com/biz/society-barbershop-boston-2
52,INTERNATIONAL BARBER SHOP,"INTERNATIONAL BARBER SHOP, 5270 Washington St, W Roxbury, Boston, MA 02132, 2 Photos, (617) 942-8133, Mon - 9:00 am - 7:00 pm, Tue - 9:00 am - 7:00 pm, ...",(617) 942-81,https://www.instagram.com/internationalbarbershopboston/,124,5,3,5,3,45,https://www.yelp.com/biz/international-barber-shop-boston
53,THE GENTLEMEN'S SALON - Updated March 2026 - 28 Reviews,"THE GENTLEMEN'S SALON, 79 Commercial St, Boston, MA 02109, 3 Photos, (617) 523-0112, Mon - Closed, Tue - 10:00 am - 5:00 pm, Wed - 10:00 am - 5:00 pm, ...",(617) 523-01,https://www.instagram.com/thegentlemanssalon/?hl=en,239,4.7,28,5,3,45,https://www.yelp.com/biz/the-gentlemens-salon-boston
54,LoGrasso's Barbershop,"More info about LoGrasso's Barbershop. 167 Salem St. Boston, MA 02113. North End. Directions. (617) 227-2128. Call Now. Hours. What time does LoGrasso's ...",(617) 227-21,https://www.instagram.com/rocco_lograsso/,1047,4.2,34,5,3,43,https://www.yelp.com/biz/lograssos-barbershop-boston
55,Sal's Barbershop,"SAL'S BARBERSHOP, Barbers, 665 Centre St, Jamaica Plain, MA 02130, 38 Photos ... Boston at the Seaport. $$$. 3.2 (155 reviews). Ron C. said: I ...",(155 reviews). Ron C,https://www.instagram.com/salsbarbershopma/,174,4.2,114,10,3,43,https://www.yelp.com/biz/sals-barbershop-jamaica-plain
56,Sal's Barbershop,"SAL'S BARBERSHOP, 665 Centre St, Jamaica Plain, MA 02130, 38 Photos, (617) 983-9854, Mon - 8:00 am - 6:00 pm, Tue - 8:00 am - 6:00 pm, Wed - 8:00 am - 6:00 ...",(617) 983-98,https://www.instagram.com/salsbarbershopma/,174,4.2,114,10,3,43,https://www.yelp.com/biz/sals-barbershop-jamaica-plain?start=40
57,MARLON'S BARBERS - Updated March 2026 - Phone Number -,"160 Broadway. Somerville, MA 02145. Directions ; (617) 416-6889. Call Now ; Visit Website. https://www.marlonbarber.com.",(617) 416-68,https://www.instagram.com/marlons.barbers/,125,4.3,6,5,3,42,https://www.yelp.com/biz/marlons-barbers-somerville
58,BARBERITO'S BARBERSHOP,"More info about Barberito's Barbershop. 652 Tremont St. Boston, MA 02118. South End. Directions. (617) 859-8277. Call Now. Hours. What time does Barberito's ...",(617) 859-82,https://www.instagram.com/barberitoss_barbershop/,281,4.4,19,5,3,42,https://www.yelp.com/biz/barberitos-barbershop-boston-5
59,THE MODERN MALE - Brookline,Yelpers report this location has closed. Find a similar spot. The Modern Male 4.4 (30 reviews) $$Moderate Barbers By appointment only,(30 reviews) $$Mode,https://www.instagram.com/brooklinebarbershop/,34,4.4,30,5,3,42,https://www.yelp.com/biz/the-modern-male-brookline
60,AIDAN'S BARBER SHOP - Updated March 2026 - 11 Reviews,"779 Adams St. Dorchester, MA 02124. Dorchester. Directions ; (617) 288-4243. Call Now ; Visit Website. http://aidansbarbershop.com.",(617) 288-42,https://www.instagram.com/aidans_barbershop/,255,4.5,11,5,3,42,https://www.yelp.com/biz/aidans-barber-shop-dorchester
61,"THE 34 BARBERSHOP - Brookline, Massachusetts","The 34 Barbershop opens at 10:00 AM on Sunday. · The 34 Barbershop closes at 7:00 PM on Monday, Tuesday, Wednesday, Thursday, Friday and Saturday. ; The 34 ...",,https://www.instagram.com/the34barbershop/,265,4.4,14,5,3,42,https://www.yelp.com/biz/the-34-barbershop-brookline-2
62,Firicano's Barber Shop,"240 North St. Boston, MA 02113. North End. Directions ; (617) 557-9141. Call Now ; Visit Website. http://firicanosbarbershop.com.",(617) 557-91,https://www.instagram.com/explore/locations/17602065/firicanos-barbershop-north-end/,0,4.5,60,10,3,42,https://www.yelp.com/biz/firicanos-barber-shop-boston
63,Mel Berkachi's Barbershop,"MEL BERKACHI'S BARBERSHOP, 349 Main St, Watertown, MA 02472, 34 Photos, (617) 393-0032, Mon - Closed, Tue - 10:00 am - 6:00 pm, Wed - 10:00 am - 6:00 pm, ...",(617) 393-00,https://www.instagram.com/reel/DUqPeJ0EVyU/,0,4.5,62,10,3,42,https://www.yelp.com/biz/mel-berkachis-barbershop-watertown
64,TRI-JS' HOUSE OF BARBERING,"TRI-JS' HOUSE OF BARBERING, 261 Adams St, Boston, MA 02122, (617) 265-1122, Mon - 9:00 am - 5:30 pm, Tue - 9:00 am - 5:30 pm, Wed - 9:00 am - 5:30 pm, ...",(617) 265-11,https://www.instagram.com/explore/locations/33515730/tri-js-house-of-barbering-and-hair-styling/,0,4.6,7,5,3,40,https://www.yelp.com/biz/tri-js-house-of-barbering-boston
65,THE BOSTON BARBER EXCHANGE,"112 Water St. Boston, MA 02109. Financial District. Directions ; (617) 936-4917. Call Now ; Visit Website. http://www.thebostonbarberexchange.com.",(617) 936-49,https://www.instagram.com/explore/locations/1509878569311705/the-boston-barber-exchange/,0,4.8,36,5,3,40,https://www.yelp.com/biz/the-boston-barber-exchange-boston
66,ELIE'S BARBER SHOP - Updated March 2026 - 23 Reviews,"More info about Elie's Barber Shop · 1758 Centre St. West Roxbury, MA 02132 · (617) 325-2288. Call Now · Hours. What time does Elie's Barber Shop open? · Payment ...",(617) 325-22,https://www.instagram.com/explore/locations/165834450940767/elie-barber/,0,4.6,23,5,3,40,https://www.yelp.com/biz/elies-barber-shop-west-roxbury
67,Richard's Barbershop - barbers,"Richards is the Spot!!! I always get a great cut and it's a fun environment. Music playing, people smiling and coming together for conversation and laughs.",,https://www.instagram.com/explore/locations/876245539188074/richards-barbershop-boston/,0,5,1,5,3,40,https://www.yelp.com/biz/richards-barbershop-roxbury
68,GUY'S MEN SALON - Updated March 2026 - 17 Reviews,"350 Hanover St. Boston, MA 02113 · (617) 742-6643. Call Now · Hours. What time does Guy's Men Salon open? · Payment methods. Does Guy's Men Salon take credit cards ...",(617) 742-66,https://www.instagram.com/explore/locations/791097947/guys-men-salon/,0,4.6,17,5,3,40,https://www.yelp.com/biz/guys-men-salon-boston
69,ONLY BARBERS - Updated March 2026 - 12 Photos & 10 Reviews,"150 Arsenal St. Ste 211. Watertown, MA 02472. Directions ; (857) 208-0551. Call Now ; Visit Website. http://www.onlybarbers.com.",(857) 208-05,https://www.instagram.com/p/DUDmGLGAJ8I/,0,5,10,5,3,40,https://www.yelp.com/biz/only-barbers-watertown
70,MIKE'S BARBER SHOP - Updated March 2026 - 35 Reviews,"More info about Mike's Barber Shop · 225 Washington St. Brookline, MA 02445 · (617) 566-0876. Call Now · Hours. What time does Mike's Barber Shop open? · Payment ...",(617) 566-08,https://www.instagram.com/mikes.barber.shop/?hl=en,1802,3.5,35,5,3,40,https://www.yelp.com/biz/mikes-barber-shop-brookline
71,RECINOS BARBERSHOP - Updated March 2026 - 28,"More info about Recinos Barbershop · Map · 208 Washington St. Somerville, MA 02143 · (857) 294-7892. Call Now · Hours. What time does Recinos Barbershop open?",(857) 294-78,https://www.instagram.com/brayanrecino/,5413,,,0,3,40,https://www.yelp.com/biz/recinos-barbershop-somerville
72,JANIER'S BARBERSHOP,"JANIER'S BARBERSHOP, 123 Mount Auburn St, Watertown, MA 02472, 33 Photos, (781) 990-9553, Mon - Closed, Tue - 8:00 am - 5:00 pm, Wed - 8:00 am - 5:00 pm, ...",(781) 990-95,https://www.instagram.com/p/CEHERkYj5L3/,0,4.6,22,5,3,40,https://www.yelp.com/biz/janiers-barbershop-watertown
73,THE GRAM IMPERIO BARBER SHOP,"214 A Waverley Ave. Watertown, MA 02472. Directions ; (617) 744-5001. Call Now ; Visit Website. http://www.thegramimperiobarbershop.com.",(617) 744-50,https://www.instagram.com/explore/locations/104121165726457/the-gram-imperio-barber-shop/,0,5,1,5,3,40,https://www.yelp.com/biz/the-gram-imperio-barber-shop-watertown
74,SEAPORT BARBERS - Updated November 2025,"SEAPORT BARBERS, 51 Northern Ave, Boston, MA 02210, 20 Photos, (857) 317-4963, Mon - 9:00 am - 7:00 pm, Tue - 9:00 am - 7:00 pm, Wed - 9:00 am - 7:00 pm, ...",(857) 317-49,https://www.instagram.com/seaportbarbers/?hl=en,1444,3.4,45,5,3,40,https://www.yelp.com/biz/seaport-barbers-boston
75,DAMATA BARBER SHOP,"DAMATA BARBER SHOP, 244 Broadway, Somerville, MA 02145, 16 Photos, (857) 991-3045, Mon - 9:00 am - 8:00 pm, Tue - 9:00 am - 8:00 pm, Wed - 9:00 am - 8:00 pm ...",(857) 991-30,https://www.instagram.com/damatabarbershop/,1112,1,1,5,3,40,https://www.yelp.com/biz/damata-barber-shop-somerville
76,53 STATE STREET BARBERSHOP - Updated March 2026 - Barbers,"53 STATE STREET BARBERSHOP, 53 State St, Boston, MA 02109, 8 Photos, (617) 670-0101, Mon - 8:00 am - 6:00 pm, Tue - 8:00 am - 6:00 pm, Wed - 8:00 am - 6:00 ...",(617) 670-01,https://www.instagram.com/p/DQOz8TjDpOL/,0,5,1,5,3,40,https://www.yelp.com/biz/53-state-street-barbershop-boston
77,LAWSON BARBER SHOP,"More info about Lawson Barber Shop · Map · 1979 Columbus Ave. Roxbury, MA 02119. Egleston Square · (617) 524-9818. Call Now · Hours. What time does Lawson Barber ...",(617) 524-98,https://www.instagram.com/explore/locations/993416844/lawsons-barbershop-beauty-salon/,0,5,1,5,3,40,https://www.yelp.com/biz/lawson-barber-shop-roxbury
78,JOHNNY & GINO HAIRSTYLING - Updated March 2026 - 20 Reviews,"Great barber shop. Gino cuts my hair every couple of weeks. They do a great cut, and have good conversation. Cant beat the price either.",,https://www.instagram.com/explore/locations/356760744/johnny-gino-hairstyling/,0,4.7,20,5,3,40,https://www.yelp.com/biz/johnny-and-gino-hairstyling-boston
79,PLATINUM CUTS BARBER SHOP,"More info about Platinum Cuts Barber Shop · Map · 98 Warren St. Roxbury, MA 02119 · (617) 606-7151. Call Now · Hours. What time does Platinum Cuts Barber Shop open?",(617) 606-71,https://www.instagram.com/platinum_cuts/?hl=en,3262,3,4,5,3,40,https://www.yelp.com/biz/platinum-cuts-barber-shop-roxbury
80,SOUTH BOSTON BARBER SHOP,"SOUTH BOSTON BARBER SHOP, 323 Dorchester Ave, Boston, MA 02127, 19 Photos, (617) 268-2310, Mon - Closed, Tue - 10:00 am - 6:00 pm, Wed - 10:00 am - 6:00 pm, ...",(617) 268-23,https://www.instagram.com/explore/locations/356974634651414/south-boston-barbershop/,0,4.6,11,5,3,40,https://www.yelp.com/biz/south-boston-barber-shop-boston-2
81,FWRESH BARBER SHOP - Updated March 2026 - 188,"252 Bowdoin St. Dorchester, MA 02122. Dorchester. Directions ; (617) 288-2220. Call Now ; Visit Website. http://fwreshbarbershop.com.",(617) 288-22,https://www.instagram.com/fwreshinc/?hl=en,3035,3.4,5,5,3,40,https://www.yelp.com/biz/fwresh-barber-shop-dorchester
82,AVENUE BARBERSHOP - Updated March 2026 - Barbers,"AVENUE BARBERSHOP, 929 Dorchester Ave, Dorchester, MA 02125, (857) 309-7966, Mon - Closed, Tue - Closed, Wed - Closed, Thu - 9:00 am - 5:00 pm, Fri - 9:00 ...",(857) 309-79,https://www.instagram.com/reel/C_lWGNyuXfQ/,0,4.8,9,5,3,40,https://www.yelp.com/biz/avenue-barbershop-dorchester
83,"MP BARBERSHOP - 128 Harvard St, Dorchester, Massachusetts","MP BARBERSHOP, 128 Harvard St, Dorchester, MA 02124, 5 Photos, (617) 514-3083, Mon - 9:00 am - 7:00 pm, Tue - 9:00 am - 7:00 pm, Wed - 9:00 am - 7:00 pm, ...",(617) 514-30,https://www.instagram.com/mp_barbershop_02124/,1054,1,1,5,3,40,https://www.yelp.com/biz/mp-barbershop-dorchester
84,ROBERT'S HAIR STYLING - Updated March 2026 - 21 Reviews,"ROBERT'S HAIR STYLING, 176 Sumner St, Boston, MA 02128, 3 Photos, (617) 561-0048, Mon - Closed, Tue - 10:00 am - 6:00 pm, Wed - 10:00 am - 6:00 pm, ...",(617) 561-00,https://www.instagram.com/reel/DExr5yLyhM6/,0,5,21,5,3,40,https://www.yelp.com/biz/roberts-hair-styling-boston
85,IN THE CUT BARBERSHOP - Updated March 2026 - 14,"IN THE CUT BARBERSHOP, 1437 Tremont St, Boston, MA 02120, 14 Photos, (617) 302-6017, Mon - 9:00 am - 6:00 pm, Tue - 9:00 am - 7:00 pm, Wed - 9:00 am - 7:00 ...",(617) 302-60,https://www.instagram.com/inthecutboston/?hl=en,1347,3.6,5,5,3,40,https://www.yelp.com/biz/in-the-cut-barbershop-boston
86,Z BARBERSHOP - Boston,"536 Columbus Ave. Boston, MA 02118. South End. Directions ; (774) 777-8777. Call Now ; Visit Website. https://zbarbershop.com.",(774) 777-87,https://www.instagram.com/zbarbershopboston/,976,4,25,5,3,38,https://www.yelp.com/biz/z-barbershop-boston-2
87,"UNIQUE CUTS - 2251 Dorchester Ave, Boston, Massachusetts","2251 Dorchester Ave. Boston, MA 02124. Mattapan, Dorchester. Directions ; (617) 296-4414. Call Now ; Visit Website. http://www.uniquecuts.net.",(617) 296-44,https://www.instagram.com/uniquecutss_/,306,4,10,5,3,38,https://www.yelp.com/biz/unique-cuts-boston-2
88,Sully's Barber & Styling Shop,"1596 Tremont St. Boston, MA 02120. Directions ; (857) 269-5781. Call Now ; Visit Website. https://sullysbarberboston.square.site.",(857) 269-57,https://www.instagram.com/sullysbarbershopboston/,223,4,44,5,3,38,https://www.yelp.com/biz/sullys-barber-and-styling-shop-boston
89,SMITTY'S BARBERSHOP - Updated March 2026 - 42,"SMITTY'S BARBERSHOP, 1158 Washington St, Boston, MA 02124, 42 Photos, (617) 690-2420, Mon - Closed, Tue - 9:00 am - 4:00 pm, Wed - 9:00 am - 4:00 pm, ...",(617) 690-24,https://www.instagram.com/smittys__barbershop/,689,4.1,9,5,3,38,https://www.yelp.com/biz/smittys-barbershop-boston-2
90,PRIMOS II BARBER SHOP - Updated November 2025,"PRIMOS II BARBER SHOP, 1692 Commonwealth Ave, Boston, MA 02135, 19 Photos, (617) 208-5256, Mon - 10:00 am - 7:00 pm, Tue - 10:00 am - 7:00 pm, Wed - 10:00 ...",(617) 208-52,https://www.instagram.com/losprimosbarbershop2/,705,4.1,21,5,3,38,https://www.yelp.com/biz/primos-ii-barber-shop-boston
91,IN STYLE BARBER SHOP - Updated March 2026 - 15,"IN STYLE BARBER SHOP, 566 Cambridge St, Cambridge, MA 02141, 15 Photos, (617) 864-1916, Mon - 9:00 am - 7:00 pm, Tue - 9:00 am - 7:00 pm, ...",(617) 864-19,https://www.instagram.com/explore/locations/335429674/instyle-barbershop/,0,4.3,6,5,3,37,https://www.yelp.com/biz/in-style-barber-shop-cambridge
92,FAMILY BARBERSHOP - Updated March 2026 - Barbers,"6 reviews and 2 photos of FAMILY BARBERSHOP ""Best place in town highly recommended! They never let me down all the workers are great professionals!""",,https://www.instagram.com/explore/locations/219580038638255/family-barber-shop/,0,4.3,6,5,3,37,https://www.yelp.com/biz/family-barbershop-boston
93,SKIP SCARO'S BARBER SHOP - Updated November 2025,"78 Dorchester St. Boston, MA 02127. South Boston. Directions ; (617) 269-2227. Call Now ; Visit Website. http://www.skipsbarbershop.com.",(617) 269-22,https://www.instagram.com/explore/locations/688566954/skip-scaros-barber-shop/,0,4.4,18,5,3,37,https://www.yelp.com/biz/skip-scaros-barber-shop-boston
94,FAST EDDIES BARBERSHOP - Updated February 2026 - 36 Reviews,"FAST EDDIES BARBERSHOP, 179 Harvard Av, Allston, MA 02134, 2 Photos, (617) 719-5824, Mon - 10:00 am - 8:00 pm, Tue - 10:00 am - 8:00 pm, Wed - 10:00 am ...",(617) 719-58,https://www.instagram.com/explore/locations/15935261/fast-eddies-barber-shop/,0,4.4,36,5,3,37,https://www.yelp.com/biz/fast-eddies-barbershop-allston?start=20
95,FAST EDDIES BARBERSHOP - Updated March 2026 - 36 Reviews,"FAST EDDIES BARBERSHOP, 179 Harvard Av, Allston, MA 02134, 2 Photos, (617) 719-5824, Mon - 10:00 am - 8:00 pm, Tue - 10:00 am - 8:00 pm, Wed - 10:00 am ...",(617) 719-58,https://www.instagram.com/explore/locations/15935261/fast-eddies-barber-shop/,0,4.4,36,5,3,37,https://www.yelp.com/biz/fast-eddies-barbershop-allston
96,BROADWAY HAIRCUTTERS - Updated March 2026 - 15 Reviews,"BROADWAY HAIRCUTTERS, 670 E Broadway, Boston, MA 02127, (617) 268-1244, Mon - Closed, Tue - 9:00 am - 5:00 pm, Wed - 9:00 am - 5:30 pm, Thu - 9:00 am - 7:00 ...",(617) 268-12,https://www.instagram.com/reel/DR18rjTjs-M/,0,4.5,15,5,3,37,https://www.yelp.com/biz/broadway-haircutters-boston
97,MEJOR ESTILO FLACO BARBERSHOP,"More info about Mejor Estilo Flaco Barbershop · Map · 3167 Washington St. Jamaica Plain, MA 02130 · (617) 522-2315. Call Now · Hours. What time does Mejor Estilo ...",(617) 522-23,https://www.instagram.com/explore/locations/318374578/mejor-estilo-flaco-barbershop/?hl=en,0,4.5,6,5,3,37,https://www.yelp.com/biz/mejor-estilo-flaco-barbershop-jamaica-plain
98,ST-8-EDGE BARBERSHOP - Updated March 2026 - 21 Reviews,"ST-8-EDGE BARBERSHOP, 216 Somerville Ave, Somerville, MA 02143, 4 Photos, (617) 718-2422, Mon - 10:00 am - 5:00 pm, Tue - 8:00 am - 6:30 pm, Wed - 10:00 am ...",(617) 718-24,https://www.instagram.com/stredgebarbershop/,230,3.4,21,5,3,35,https://www.yelp.com/biz/st-8-edge-barbershop-somerville
99,ALTON BARBERSHOP - Updated March 2026 - 36 Reviews,"ALTON BARBERSHOP, 3 Alton Pl, Brookline, MA 02446, (617) 277-3001, Mon - 10:00 am - 7:00 pm, Tue - 10:00 am - 7:00 pm, Wed - 10:00 am - 7:00 pm, Thu - 10:00 ...",(617) 277-30,https://www.instagram.com/altonsbarbershop/,776,3.8,36,5,3,35,https://www.yelp.com/biz/alton-barbershop-brookline
100,SAL'S BARBERSHOP - Boston,"SAL'S BARBERSHOP, 303A Huntington Ave, Boston, MA 02115, (617) 247-7774, Mon - 9:00 am - 6:00 pm, Tue - 9:00 am - 6:00 pm, Wed - 9:00 am - 6:00 pm, ...",(617) 247-77,https://www.instagram.com/salsbarbershopma/,174,3.9,32,5,3,35,https://www.yelp.com/biz/sals-barbershop-boston
